Start,Stop,Year,Month,Temperature,Quality
1961-01-01 00:00:01,1961-02-01 00:00:00,1961,01,-0.5,Y
1961-02-01 00:00:01,1961-03-01 00:00:00,1961,02,2.7,Y
1961-03-01 00:00:01,1961-04-01 00:00:00,1961,03,5.1,Y
1961-04-01 00:00:01,1961-05-01 00:00:00,1961,04,8.1,Y
1961-05-01 00:00:01,1961-06-01 00:00:00,1961,05,11.2,Y
1961-06-01 00:00:01,1961-07-01 00:00:00,1961,06,15.8,Y
1961-07-01 00:00:01,1961-08-01 00:00:00,1961,07,15.6,Y
1961-08-01 00:00:01,1961-09-01 00:00:00,1961,08,14.9,Y
1961-09-01 00:00:01,1961-10-01 00:00:00,1961,09,14.4,Y
1961-10-01 00:00:01,1961-11-01 00:00:00,1961,10,12.2,Y
1961-11-01 00:00:01,1961-12-01 00:00:00,1961,11,5.4,Y
1961-12-01 00:00:01,1962-01-01 00:00:00,1961,12,-0.0,Y
1962-01-01 00:00:01,1962-02-01 00:00:00,1962,01,1.4,Y
1962-02-01 00:00:01,1962-03-01 00:00:00,1962,02,1.1,Y
1962-03-01 00:00:01,1962-04-01 00:00:00,1962,03,-1.1,Y
1962-04-01 00:00:01,1962-05-01 00:00:00,1962,04,6.6,Y
1962-05-01 00:00:01,1962-06-01 00:00:00,1962,05,9.2,Y
1962-06-01 00:00:01,1962-07-01 00:00:00,1962,06,13.8,Y
1962-07-01 00:00:01,1962-08-01 00:00:00,1962,07,15.1,Y
1962-08-01 00:00:01,1962-09-01 00:00:00,1962,08,14.1,Y
1962-09-01 00:00:01,1962-10-01 00:00:00,1962,09,11.9,Y
1962-10-01 00:00:01,1962-11-01 00:00:00,1962,10,10.3,Y
1962-11-01 00:00:01,1962-12-01 00:00:00,1962,11,3.6,Y
1962-12-01 00:00:01,1963-01-01 00:00:00,1962,12,-0.9,Y
1963-01-01 00:00:01,1963-02-01 00:00:00,1963,01,-6.6,Y
1963-02-01 00:00:01,1963-03-01 00:00:00,1963,02,-5.0,Y
1963-03-01 00:00:01,1963-04-01 00:00:00,1963,03,-0.6,Y
1963-04-01 00:00:01,1963-05-01 00:00:00,1963,04,5.7,Y
1963-05-01 00:00:01,1963-06-01 00:00:00,1963,05,12.3,Y
1963-06-01 00:00:01,1963-07-01 00:00:00,1963,06,16.2,Y
1963-07-01 00:00:01,1963-08-01 00:00:00,1963,07,16.3,Y
1963-08-01 00:00:01,1963-09-01 00:00:00,1963,08,16.2,Y
1963-09-01 00:00:01,1963-10-01 00:00:00,1963,09,13.6,Y
1963-10-01 00:00:01,1963-11-01 00:00:00,1963,10,9.7,Y
1963-11-01 00:00:01,1963-12-01 00:00:00,1963,11,6.0,Y
1963-12-01 00:00:01,1964-01-01 00:00:00,1963,12,-0.5,Y
1964-01-01 00:00:01,1964-02-01 00:00:00,1964,01,1.1,Y
1964-02-01 00:00:01,1964-03-01 00:00:00,1964,02,-0.6,Y
1964-03-01 00:00:01,1964-04-01 00:00:00,1964,03,1.0,Y
1964-04-01 00:00:01,1964-05-01 00:00:00,1964,04,7.6,Y
1964-05-01 00:00:01,1964-06-01 00:00:00,1964,05,12.2,Y
1964-06-01 00:00:01,1964-07-01 00:00:00,1964,06,14.5,Y
1964-07-01 00:00:01,1964-08-01 00:00:00,1964,07,15.1,Y
1964-08-01 00:00:01,1964-09-01 00:00:00,1964,08,15.7,Y
1964-09-01 00:00:01,1964-10-01 00:00:00,1964,09,12.4,Y
1964-10-01 00:00:01,1964-11-01 00:00:00,1964,10,8.1,Y
1964-11-01 00:00:01,1964-12-01 00:00:00,1964,11,5.9,Y
1964-12-01 00:00:01,1965-01-01 00:00:00,1964,12,1.5,Y
1965-01-01 00:00:01,1965-02-01 00:00:00,1965,01,0.7,Y
1965-02-01 00:00:01,1965-03-01 00:00:00,1965,02,-0.7,Y
1965-03-01 00:00:01,1965-04-01 00:00:00,1965,03,0.9,Y
1965-04-01 00:00:01,1965-05-01 00:00:00,1965,04,6.2,Y
1965-05-01 00:00:01,1965-06-01 00:00:00,1965,05,10.0,Y
1965-06-01 00:00:01,1965-07-01 00:00:00,1965,06,15.0,Y
1965-07-01 00:00:01,1965-08-01 00:00:00,1965,07,14.9,Y
1965-08-01 00:00:01,1965-09-01 00:00:00,1965,08,15.2,Y
1965-09-01 00:00:01,1965-10-01 00:00:00,1965,09,14.2,Y
1965-10-01 00:00:01,1965-11-01 00:00:00,1965,10,10.1,Y
1965-11-01 00:00:01,1965-12-01 00:00:00,1965,11,0.9,Y
1965-12-01 00:00:01,1966-01-01 00:00:00,1965,12,-1.4,Y
1966-01-01 00:00:01,1966-02-01 00:00:00,1966,01,-4.0,Y
1966-02-01 00:00:01,1966-03-01 00:00:00,1966,02,-4.8,Y
1966-03-01 00:00:01,1966-04-01 00:00:00,1966,03,1.9,Y
1966-04-01 00:00:01,1966-05-01 00:00:00,1966,04,3.2,Y
1966-05-01 00:00:01,1966-06-01 00:00:00,1966,05,11.5,Y
1966-06-01 00:00:01,1966-07-01 00:00:00,1966,06,17.2,Y
1966-07-01 00:00:01,1966-08-01 00:00:00,1966,07,17.0,Y
1966-08-01 00:00:01,1966-09-01 00:00:00,1966,08,15.7,Y
1966-09-01 00:00:01,1966-10-01 00:00:00,1966,09,12.8,Y
1966-10-01 00:00:01,1966-11-01 00:00:00,1966,10,9.0,Y
1966-11-01 00:00:01,1966-12-01 00:00:00,1966,11,4.2,Y
1966-12-01 00:00:01,1967-01-01 00:00:00,1966,12,0.8,Y
1967-01-01 00:00:01,1967-02-01 00:00:00,1967,01,-1.8,Y
1967-02-01 00:00:01,1967-03-01 00:00:00,1967,02,1.3,Y
1967-03-01 00:00:01,1967-04-01 00:00:00,1967,03,4.9,Y
1967-04-01 00:00:01,1967-05-01 00:00:00,1967,04,5.8,Y
1967-05-01 00:00:01,1967-06-01 00:00:00,1967,05,11.4,Y
1967-06-01 00:00:01,1967-07-01 00:00:00,1967,06,14.6,Y
1967-07-01 00:00:01,1967-08-01 00:00:00,1967,07,16.8,Y
1967-08-01 00:00:01,1967-09-01 00:00:00,1967,08,16.8,Y
1967-09-01 00:00:01,1967-10-01 00:00:00,1967,09,14.4,Y
1967-10-01 00:00:01,1967-11-01 00:00:00,1967,10,10.8,Y
1967-11-01 00:00:01,1967-12-01 00:00:00,1967,11,6.4,Y
1967-12-01 00:00:01,1968-01-01 00:00:00,1967,12,-0.0,Y
1968-01-01 00:00:01,1968-02-01 00:00:00,1968,01,-2.3,Y
1968-02-01 00:00:01,1968-03-01 00:00:00,1968,02,-1.1,Y
1968-03-01 00:00:01,1968-04-01 00:00:00,1968,03,3.2,Y
1968-04-01 00:00:01,1968-05-01 00:00:00,1968,04,8.1,Y
1968-05-01 00:00:01,1968-06-01 00:00:00,1968,05,9.9,Y
1968-06-01 00:00:01,1968-07-01 00:00:00,1968,06,17.2,Y
1968-07-01 00:00:01,1968-08-01 00:00:00,1968,07,16.6,Y
1968-08-01 00:00:01,1968-09-01 00:00:00,1968,08,17.8,Y
1968-09-01 00:00:01,1968-10-01 00:00:00,1968,09,14.2,Y
1968-10-01 00:00:01,1968-11-01 00:00:00,1968,10,8.8,Y
1968-11-01 00:00:01,1968-12-01 00:00:00,1968,11,2.8,Y
1968-12-01 00:00:01,1969-01-01 00:00:00,1968,12,0.3,Y
1969-01-01 00:00:01,1969-02-01 00:00:00,1969,01,-0.5,Y
1969-02-01 00:00:01,1969-03-01 00:00:00,1969,02,-3.8,Y
1969-03-01 00:00:01,1969-04-01 00:00:00,1969,03,-0.4,Y
1969-04-01 00:00:01,1969-05-01 00:00:00,1969,04,5.8,Y
1969-07-01 00:00:01,1969-08-01 00:00:00,1969,07,17.1,Y
1969-08-01 00:00:01,1969-09-01 00:00:00,1969,08,17.8,Y
1969-09-01 00:00:01,1969-10-01 00:00:00,1969,09,14.0,Y
1969-10-01 00:00:01,1969-11-01 00:00:00,1969,10,9.3,Y
1969-11-01 00:00:01,1969-12-01 00:00:00,1969,11,3.4,Y
1969-12-01 00:00:01,1970-01-01 00:00:00,1969,12,-2.6,Y
1970-01-01 00:00:01,1970-02-01 00:00:00,1970,01,-4.9,Y
1970-02-01 00:00:01,1970-03-01 00:00:00,1970,02,-6.9,Y
1970-03-01 00:00:01,1970-04-01 00:00:00,1970,03,-0.4,Y
1970-04-01 00:00:01,1970-05-01 00:00:00,1970,04,2.8,Y
1970-05-01 00:00:01,1970-06-01 00:00:00,1970,05,11.1,Y
1970-06-01 00:00:01,1970-07-01 00:00:00,1970,06,17.1,Y
1970-07-01 00:00:01,1970-08-01 00:00:00,1970,07,15.0,Y
1970-08-01 00:00:01,1970-09-01 00:00:00,1970,08,15.8,Y
1970-09-01 00:00:01,1970-10-01 00:00:00,1970,09,11.4,Y
1970-10-01 00:00:01,1970-11-01 00:00:00,1970,10,8.4,Y
1970-11-01 00:00:01,1970-12-01 00:00:00,1970,11,2.9,Y
1970-12-01 00:00:01,1971-01-01 00:00:00,1970,12,0.6,Y
1971-01-01 00:00:01,1971-02-01 00:00:00,1971,01,-0.2,Y
1971-02-01 00:00:01,1971-03-01 00:00:00,1971,02,0.8,Y
1971-03-01 00:00:01,1971-04-01 00:00:00,1971,03,-0.3,Y
1971-04-01 00:00:01,1971-05-01 00:00:00,1971,04,4.8,Y
1971-05-01 00:00:01,1971-06-01 00:00:00,1971,05,11.5,Y
1971-06-01 00:00:01,1971-07-01 00:00:00,1971,06,13.9,Y
1971-07-01 00:00:01,1971-08-01 00:00:00,1971,07,16.8,Y
1971-08-01 00:00:01,1971-09-01 00:00:00,1971,08,15.7,Y
1971-09-01 00:00:01,1971-10-01 00:00:00,1971,09,11.5,Y
1971-10-01 00:00:01,1971-11-01 00:00:00,1971,10,8.9,Y
1971-11-01 00:00:01,1971-12-01 00:00:00,1971,11,3.3,Y
1971-12-01 00:00:01,1972-01-01 00:00:00,1971,12,3.9,Y
1972-01-01 00:00:01,1972-02-01 00:00:00,1972,01,-3.6,Y
1972-02-01 00:00:01,1972-03-01 00:00:00,1972,02,0.1,Y
1972-03-01 00:00:01,1972-04-01 00:00:00,1972,03,2.5,Y
1972-05-01 00:00:01,1972-06-01 00:00:00,1972,05,12.1,Y
1972-06-01 00:00:01,1972-07-01 00:00:00,1972,06,15.1,Y
1972-07-01 00:00:01,1972-08-01 00:00:00,1972,07,18.6,Y
1972-08-01 00:00:01,1972-09-01 00:00:00,1972,08,16.2,Y
1972-09-01 00:00:01,1972-10-01 00:00:00,1972,09,11.3,Y
1972-10-01 00:00:01,1972-11-01 00:00:00,1972,10,8.5,Y
1972-11-01 00:00:01,1972-12-01 00:00:00,1972,11,5.6,Y
1972-12-01 00:00:01,1973-01-01 00:00:00,1972,12,4.6,Y
1973-01-01 00:00:01,1973-02-01 00:00:00,1973,01,1.2,Y
1973-02-01 00:00:01,1973-03-01 00:00:00,1973,02,2.5,Y
1973-03-01 00:00:01,1973-04-01 00:00:00,1973,03,5.2,Y
1973-04-01 00:00:01,1973-05-01 00:00:00,1973,04,5.4,Y
1973-05-01 00:00:01,1973-06-01 00:00:00,1973,05,11.3,Y
1973-06-01 00:00:01,1973-07-01 00:00:00,1973,06,16.0,Y
1973-07-01 00:00:01,1973-08-01 00:00:00,1973,07,19.0,Y
1973-08-01 00:00:01,1973-09-01 00:00:00,1973,08,16.2,Y
1973-09-01 00:00:01,1973-10-01 00:00:00,1973,09,12.6,Y
1973-10-01 00:00:01,1973-11-01 00:00:00,1973,10,6.3,Y
1973-11-01 00:00:01,1973-12-01 00:00:00,1973,11,2.3,Y
1973-12-01 00:00:01,1974-01-01 00:00:00,1973,12,0.8,Y
1974-01-01 00:00:01,1974-02-01 00:00:00,1974,01,2.5,Y
1974-02-01 00:00:01,1974-03-01 00:00:00,1974,02,2.8,Y
1974-03-01 00:00:01,1974-04-01 00:00:00,1974,03,4.2,Y
1974-04-01 00:00:01,1974-05-01 00:00:00,1974,04,8.4,Y
1974-05-01 00:00:01,1974-06-01 00:00:00,1974,05,11.6,Y
1974-06-01 00:00:01,1974-07-01 00:00:00,1974,06,15.4,Y
1974-07-01 00:00:01,1974-08-01 00:00:00,1974,07,15.5,Y
1974-08-01 00:00:01,1974-09-01 00:00:00,1974,08,16.2,Y
1974-09-01 00:00:01,1974-10-01 00:00:00,1974,09,13.8,Y
1974-10-01 00:00:01,1974-11-01 00:00:00,1974,10,6.5,Y
1974-11-01 00:00:01,1974-12-01 00:00:00,1974,11,5.0,Y
1974-12-01 00:00:01,1975-01-01 00:00:00,1974,12,4.2,Y
1975-01-01 00:00:01,1975-02-01 00:00:00,1975,01,4.4,Y
1975-02-01 00:00:01,1975-03-01 00:00:00,1975,02,1.5,Y
1975-03-01 00:00:01,1975-04-01 00:00:00,1975,03,2.8,Y
1975-04-01 00:00:01,1975-05-01 00:00:00,1975,04,5.5,Y
1975-05-01 00:00:01,1975-06-01 00:00:00,1975,05,12.3,Y
1975-06-01 00:00:01,1975-07-01 00:00:00,1975,06,15.2,Y
1975-07-01 00:00:01,1975-08-01 00:00:00,1975,07,17.7,Y
1975-08-01 00:00:01,1975-09-01 00:00:00,1975,08,19.6,Y
1975-09-01 00:00:01,1975-10-01 00:00:00,1975,09,14.3,Y
1975-10-01 00:00:01,1975-11-01 00:00:00,1975,10,9.2,Y
1975-11-01 00:00:01,1975-12-01 00:00:00,1975,11,4.7,Y
1975-12-01 00:00:01,1976-01-01 00:00:00,1975,12,4.6,Y
1976-01-01 00:00:01,1976-02-01 00:00:00,1976,01,-1.1,Y
1976-02-01 00:00:01,1976-03-01 00:00:00,1976,02,0.1,Y
1976-03-01 00:00:01,1976-04-01 00:00:00,1976,03,-0.8,Y
1976-04-01 00:00:01,1976-05-01 00:00:00,1976,04,5.7,Y
1976-05-01 00:00:01,1976-06-01 00:00:00,1976,05,11.9,Y
1976-06-01 00:00:01,1976-07-01 00:00:00,1976,06,15.3,Y
1976-07-01 00:00:01,1976-08-01 00:00:00,1976,07,18.7,Y
1976-08-01 00:00:01,1976-09-01 00:00:00,1976,08,18.0,Y
1976-09-01 00:00:01,1976-10-01 00:00:00,1976,09,11.9,Y
1983-04-01 00:00:01,1983-05-01 00:00:00,1983,04,6.9,Y
1983-05-01 00:00:01,1983-06-01 00:00:00,1983,05,11.5,Y
1983-06-01 00:00:01,1983-07-01 00:00:00,1983,06,15.1,Y
1983-07-01 00:00:01,1983-08-01 00:00:00,1983,07,18.3,Y
1983-08-01 00:00:01,1983-09-01 00:00:00,1983,08,17.1,Y
1983-09-01 00:00:01,1983-10-01 00:00:00,1983,09,13.1,Y
1983-10-01 00:00:01,1983-11-01 00:00:00,1983,10,9.2,Y
1983-11-01 00:00:01,1983-12-01 00:00:00,1983,11,3.3,Y
1983-12-01 00:00:01,1984-01-01 00:00:00,1983,12,1.3,Y
1984-01-01 00:00:01,1984-02-01 00:00:00,1984,01,-0.6,Y
1984-02-01 00:00:01,1984-03-01 00:00:00,1984,02,-0.1,Y
1984-03-01 00:00:01,1984-04-01 00:00:00,1984,03,0.3,Y
1984-04-01 00:00:01,1984-05-01 00:00:00,1984,04,6.3,Y
1984-05-01 00:00:01,1984-06-01 00:00:00,1984,05,13.1,Y
1984-06-01 00:00:01,1984-07-01 00:00:00,1984,06,15.1,Y
1984-07-01 00:00:01,1984-08-01 00:00:00,1984,07,17.1,Y
1984-08-01 00:00:01,1984-09-01 00:00:00,1984,08,17.4,Y
1984-09-01 00:00:01,1984-10-01 00:00:00,1984,09,11.1,Y
1984-10-01 00:00:01,1984-11-01 00:00:00,1984,10,10.8,Y
1984-11-01 00:00:01,1984-12-01 00:00:00,1984,11,5.8,Y
1984-12-01 00:00:01,1985-01-01 00:00:00,1984,12,2.6,Y
1985-01-01 00:00:01,1985-02-01 00:00:00,1985,01,-6.7,Y
1985-02-01 00:00:01,1985-03-01 00:00:00,1985,02,-6.9,Y
1985-03-01 00:00:01,1985-04-01 00:00:00,1985,03,1.2,Y
1985-04-01 00:00:01,1985-05-01 00:00:00,1985,04,3.9,Y
1985-05-01 00:00:01,1985-06-01 00:00:00,1985,05,12.4,Y
1985-06-01 00:00:01,1985-07-01 00:00:00,1985,06,14.2,Y
1985-07-01 00:00:01,1985-08-01 00:00:00,1985,07,16.7,Y
1985-08-01 00:00:01,1985-09-01 00:00:00,1985,08,16.0,Y
1985-09-01 00:00:01,1985-10-01 00:00:00,1985,09,11.2,Y
1985-10-01 00:00:01,1985-11-01 00:00:00,1985,10,10.0,Y
1985-11-01 00:00:01,1985-12-01 00:00:00,1985,11,1.2,Y
1985-12-01 00:00:01,1986-01-01 00:00:00,1985,12,0.1,Y
1986-01-01 00:00:01,1986-02-01 00:00:00,1986,01,-3.1,Y
1986-02-01 00:00:01,1986-03-01 00:00:00,1986,02,-6.1,Y
1986-03-01 00:00:01,1986-04-01 00:00:00,1986,03,1.8,Y
1986-04-01 00:00:01,1986-05-01 00:00:00,1986,04,4.0,Y
1986-06-01 00:00:01,1986-07-01 00:00:00,1986,06,15.9,Y
1986-07-01 00:00:01,1986-08-01 00:00:00,1986,07,16.6,Y
1986-08-01 00:00:01,1986-09-01 00:00:00,1986,08,14.8,Y
1986-09-01 00:00:01,1986-10-01 00:00:00,1986,09,10.2,Y
1986-10-01 00:00:01,1986-11-01 00:00:00,1986,10,8.9,Y
1986-11-01 00:00:01,1986-12-01 00:00:00,1986,11,6.8,Y
1986-12-01 00:00:01,1987-01-01 00:00:00,1986,12,1.1,Y
1987-01-01 00:00:01,1987-02-01 00:00:00,1987,01,-7.9,Y
1987-02-01 00:00:01,1987-03-01 00:00:00,1987,02,-1.0,Y
1987-03-01 00:00:01,1987-04-01 00:00:00,1987,03,-2.0,Y
1987-04-01 00:00:01,1987-05-01 00:00:00,1987,04,6.4,Y
1987-05-01 00:00:01,1987-06-01 00:00:00,1987,05,9.6,Y
1987-06-01 00:00:01,1987-07-01 00:00:00,1987,06,12.2,Y
1987-07-01 00:00:01,1987-08-01 00:00:00,1987,07,15.8,Y
1987-08-01 00:00:01,1987-09-01 00:00:00,1987,08,14.1,Y
1987-09-01 00:00:01,1987-10-01 00:00:00,1987,09,11.9,Y
1987-10-01 00:00:01,1987-11-01 00:00:00,1987,10,9.3,Y
1987-11-01 00:00:01,1987-12-01 00:00:00,1987,11,4.0,Y
1987-12-01 00:00:01,1988-01-01 00:00:00,1987,12,2.3,Y
1988-01-01 00:00:01,1988-02-01 00:00:00,1988,01,3.1,Y
1988-02-01 00:00:01,1988-03-01 00:00:00,1988,02,1.5,Y
1988-03-01 00:00:01,1988-04-01 00:00:00,1988,03,0.5,Y
1988-04-01 00:00:01,1988-05-01 00:00:00,1988,04,5.1,Y
1988-05-01 00:00:01,1988-06-01 00:00:00,1988,05,13.4,Y
1988-06-01 00:00:01,1988-07-01 00:00:00,1988,06,18.0,Y
1988-08-01 00:00:01,1988-09-01 00:00:00,1988,08,16.1,Y
1988-09-01 00:00:01,1988-10-01 00:00:00,1988,09,13.8,Y
1988-10-01 00:00:01,1988-11-01 00:00:00,1988,10,7.7,Y
1988-11-01 00:00:01,1988-12-01 00:00:00,1988,11,2.4,Y
1988-12-01 00:00:01,1989-01-01 00:00:00,1988,12,2.5,Y
1989-01-01 00:00:01,1989-02-01 00:00:00,1989,01,5.6,Y
1989-02-01 00:00:01,1989-03-01 00:00:00,1989,02,5.1,Y
1989-03-01 00:00:01,1989-04-01 00:00:00,1989,03,5.7,Y
1989-04-01 00:00:01,1989-05-01 00:00:00,1989,04,6.9,Y
1989-05-01 00:00:01,1989-06-01 00:00:00,1989,05,12.0,Y
1989-06-01 00:00:01,1989-07-01 00:00:00,1989,06,16.1,Y
1989-07-01 00:00:01,1989-08-01 00:00:00,1989,07,18.3,Y
1989-09-01 00:00:01,1989-10-01 00:00:00,1989,09,13.4,Y
1989-10-01 00:00:01,1989-11-01 00:00:00,1989,10,9.7,Y
1989-11-01 00:00:01,1989-12-01 00:00:00,1989,11,4.4,Y
1989-12-01 00:00:01,1990-01-01 00:00:00,1989,12,2.1,Y
1990-01-01 00:00:01,1990-02-01 00:00:00,1990,01,4.4,Y
1990-02-01 00:00:01,1990-03-01 00:00:00,1990,02,5.7,Y
1990-03-01 00:00:01,1990-04-01 00:00:00,1990,03,6.0,Y
1990-04-01 00:00:01,1990-05-01 00:00:00,1990,04,8.2,Y
1990-05-01 00:00:01,1990-06-01 00:00:00,1990,05,12.7,Y
1990-06-01 00:00:01,1990-07-01 00:00:00,1990,06,16.2,Y
1990-07-01 00:00:01,1990-08-01 00:00:00,1990,07,17.2,Y
1990-08-01 00:00:01,1990-09-01 00:00:00,1990,08,17.4,Y
1990-09-01 00:00:01,1990-10-01 00:00:00,1990,09,12.2,Y
1990-10-01 00:00:01,1990-11-01 00:00:00,1990,10,9.1,Y
1990-11-01 00:00:01,1990-12-01 00:00:00,1990,11,3.7,Y
1990-12-01 00:00:01,1991-01-01 00:00:00,1990,12,2.4,Y
1991-01-01 00:00:01,1991-02-01 00:00:00,1991,01,1.8,Y
1991-02-01 00:00:01,1991-03-01 00:00:00,1991,02,-1.8,Y
1991-03-01 00:00:01,1991-04-01 00:00:00,1991,03,4.3,Y
1991-04-01 00:00:01,1991-05-01 00:00:00,1991,04,6.9,Y
1991-05-01 00:00:01,1991-06-01 00:00:00,1991,05,10.1,Y
1991-06-01 00:00:01,1991-07-01 00:00:00,1991,06,12.3,Y
1991-07-01 00:00:01,1991-08-01 00:00:00,1991,07,19.0,Y
1991-08-01 00:00:01,1991-09-01 00:00:00,1991,08,17.7,Y
1991-09-01 00:00:01,1991-10-01 00:00:00,1991,09,13.7,Y
1991-10-01 00:00:01,1991-11-01 00:00:00,1991,10,8.7,Y
1991-11-01 00:00:01,1991-12-01 00:00:00,1991,11,5.4,Y
1991-12-01 00:00:01,1992-01-01 00:00:00,1991,12,3.6,Y
1992-01-01 00:00:01,1992-02-01 00:00:00,1992,01,2.7,Y
1992-02-01 00:00:01,1992-03-01 00:00:00,1992,02,3.1,Y
1992-03-01 00:00:01,1992-04-01 00:00:00,1992,03,4.3,Y
1992-04-01 00:00:01,1992-05-01 00:00:00,1992,04,5.5,Y
1992-05-01 00:00:01,1992-06-01 00:00:00,1992,05,14.0,Y
1992-06-01 00:00:01,1992-07-01 00:00:00,1992,06,19.0,Y
1992-07-01 00:00:01,1992-08-01 00:00:00,1992,07,18.4,Y
1992-08-01 00:00:01,1992-09-01 00:00:00,1992,08,16.4,Y
1992-09-01 00:00:01,1992-10-01 00:00:00,1992,09,13.4,Y
1992-10-01 00:00:01,1992-11-01 00:00:00,1992,10,5.5,Y
1992-11-01 00:00:01,1992-12-01 00:00:00,1992,11,4.4,Y
1992-12-01 00:00:01,1993-01-01 00:00:00,1992,12,2.8,Y
1993-01-01 00:00:01,1993-02-01 00:00:00,1993,01,2.2,Y
1993-02-01 00:00:01,1993-03-01 00:00:00,1993,02,1.1,Y
1993-03-01 00:00:01,1993-04-01 00:00:00,1993,03,2.9,Y
1993-04-01 00:00:01,1993-05-01 00:00:00,1993,04,8.7,Y
1993-05-01 00:00:01,1993-06-01 00:00:00,1993,05,14.6,Y
1993-06-01 00:00:01,1993-07-01 00:00:00,1993,06,14.6,Y
1993-07-01 00:00:01,1993-08-01 00:00:00,1993,07,15.0,Y
1993-08-01 00:00:01,1993-09-01 00:00:00,1993,08,14.6,Y
1993-09-01 00:00:01,1993-10-01 00:00:00,1993,09,10.8,Y
1993-10-01 00:00:01,1993-11-01 00:00:00,1993,10,7.4,Y
1993-11-01 00:00:01,1993-12-01 00:00:00,1993,11,2.4,Y
1993-12-01 00:00:01,1994-01-01 00:00:00,1993,12,1.4,Y
1994-01-01 00:00:01,1994-02-01 00:00:00,1994,01,1.6,Y
1994-02-01 00:00:01,1994-03-01 00:00:00,1994,02,-3.5,Y
1994-03-01 00:00:01,1994-04-01 00:00:00,1994,03,2.7,Y
1994-04-01 00:00:01,1994-05-01 00:00:00,1994,04,8.0,Y
1994-05-01 00:00:01,1994-06-01 00:00:00,1994,05,12.3,Y
1994-06-01 00:00:01,1994-07-01 00:00:00,1994,06,13.8,Y
1994-07-01 00:00:01,1994-08-01 00:00:00,1994,07,21.2,Y
1994-08-01 00:00:01,1994-09-01 00:00:00,1994,08,18.3,Y
1994-09-01 00:00:01,1994-10-01 00:00:00,1994,09,12.7,Y
1994-10-01 00:00:01,1994-11-01 00:00:00,1994,10,7.5,Y
1994-11-01 00:00:01,1994-12-01 00:00:00,1994,11,5.6,Y
1994-12-01 00:00:01,1995-01-01 00:00:00,1994,12,4.1,Y
1995-01-01 00:00:01,1995-02-01 00:00:00,1995,01,-0.5,Y
1995-02-01 00:00:01,1995-03-01 00:00:00,1995,02,3.3,Y
1995-03-01 00:00:01,1995-04-01 00:00:00,1995,03,3.1,Y
1995-04-01 00:00:01,1995-05-01 00:00:00,1995,04,6.3,Y
1995-09-01 00:00:01,1995-10-01 00:00:00,1995,09,12.9,G
1995-10-01 00:00:01,1995-11-01 00:00:00,1995,10,11.0,Y
1995-11-01 00:00:01,1995-12-01 00:00:00,1995,11,2.3,Y
1995-12-01 00:00:01,1996-01-01 00:00:00,1995,12,-2.2,Y
1996-01-01 00:00:01,1996-02-01 00:00:00,1996,01,-2.3,Y
1996-02-01 00:00:01,1996-03-01 00:00:00,1996,02,-4.0,Y
1996-03-01 00:00:01,1996-04-01 00:00:00,1996,03,0.7,Y
1996-04-01 00:00:01,1996-05-01 00:00:00,1996,04,7.0,Y
1996-05-01 00:00:01,1996-06-01 00:00:00,1996,05,9.3,Y
1996-06-01 00:00:01,1996-07-01 00:00:00,1996,06,14.6,Y
1996-07-01 00:00:01,1996-08-01 00:00:00,1996,07,15.8,Y
1996-08-01 00:00:01,1996-09-01 00:00:00,1996,08,18.8,Y
1996-09-01 00:00:01,1996-10-01 00:00:00,1996,09,11.1,Y
1996-10-01 00:00:01,1996-11-01 00:00:00,1996,10,9.8,Y
1996-11-01 00:00:01,1996-12-01 00:00:00,1996,11,4.8,Y
1996-12-01 00:00:01,1997-01-01 00:00:00,1996,12,-1.9,Y
1997-01-01 00:00:01,1997-02-01 00:00:00,1997,01,-1.5,Y
1997-02-01 00:00:01,1997-03-01 00:00:00,1997,02,1.8,Y
1997-03-01 00:00:01,1997-04-01 00:00:00,1997,03,3.2,Y
1997-04-01 00:00:01,1997-05-01 00:00:00,1997,04,5.5,Y
1997-05-01 00:00:01,1997-06-01 00:00:00,1997,05,10.2,Y
1997-06-01 00:00:01,1997-07-01 00:00:00,1997,06,16.7,Y
1997-07-01 00:00:01,1997-08-01 00:00:00,1997,07,19.0,Y
1997-08-01 00:00:01,1997-09-01 00:00:00,1997,08,20.9,Y
1997-09-01 00:00:01,1997-10-01 00:00:00,1997,09,13.9,Y
1997-10-01 00:00:01,1997-11-01 00:00:00,1997,10,6.6,Y
1997-11-01 00:00:01,1997-12-01 00:00:00,1997,11,3.6,Y
1997-12-01 00:00:01,1998-01-01 00:00:00,1997,12,1.5,Y
1998-01-01 00:00:01,1998-02-01 00:00:00,1998,01,1.7,Y
1998-02-01 00:00:01,1998-03-01 00:00:00,1998,02,4.2,Y
1998-03-01 00:00:01,1998-04-01 00:00:00,1998,03,2.8,Y
1998-04-01 00:00:01,1998-05-01 00:00:00,1998,04,6.3,Y
1999-04-01 00:00:01,1999-05-01 00:00:00,1999,04,8.2,Y
1999-05-01 00:00:01,1999-06-01 00:00:00,1999,05,10.5,Y
1999-06-01 00:00:01,1999-07-01 00:00:00,1999,06,14.6,Y
1999-07-01 00:00:01,1999-08-01 00:00:00,1999,07,18.0,Y
1999-08-01 00:00:01,1999-09-01 00:00:00,1999,08,16.9,Y
1999-09-01 00:00:01,1999-10-01 00:00:00,1999,09,16.3,Y
1999-10-01 00:00:01,1999-11-01 00:00:00,1999,10,8.9,Y
1999-11-01 00:00:01,1999-12-01 00:00:00,1999,11,5.8,Y
1999-12-01 00:00:01,2000-01-01 00:00:00,1999,12,1.1,Y
2000-01-01 00:00:01,2000-02-01 00:00:00,2000,01,2.5,Y
2000-02-01 00:00:01,2000-03-01 00:00:00,2000,02,2.9,Y
2000-03-01 00:00:01,2000-04-01 00:00:00,2000,03,3.3,Y
2000-04-01 00:00:01,2000-05-01 00:00:00,2000,04,9.1,Y
2000-05-01 00:00:01,2000-06-01 00:00:00,2000,05,13.5,Y
2000-06-01 00:00:01,2000-07-01 00:00:00,2000,06,14.6,Y
2000-07-01 00:00:01,2000-08-01 00:00:00,2000,07,16.4,Y
2000-08-01 00:00:01,2000-09-01 00:00:00,2000,08,16.1,Y
2000-09-01 00:00:01,2000-10-01 00:00:00,2000,09,12.9,Y
2000-10-01 00:00:01,2000-11-01 00:00:00,2000,10,11.4,Y
2000-11-01 00:00:01,2000-12-01 00:00:00,2000,11,7.6,Y
2000-12-01 00:00:01,2001-01-01 00:00:00,2000,12,3.3,Y
2001-01-01 00:00:01,2001-02-01 00:00:00,2001,01,1.4,Y
2001-02-01 00:00:01,2001-03-01 00:00:00,2001,02,-1.4,Y
2001-03-01 00:00:01,2001-04-01 00:00:00,2001,03,0.5,Y
2001-04-01 00:00:01,2001-05-01 00:00:00,2001,04,5.8,Y
2001-05-01 00:00:01,2001-06-01 00:00:00,2001,05,12.1,Y
2001-06-01 00:00:01,2001-07-01 00:00:00,2001,06,14.0,Y
2001-07-01 00:00:01,2001-08-01 00:00:00,2001,07,18.4,Y
2001-08-01 00:00:01,2001-09-01 00:00:00,2001,08,17.2,Y
2001-09-01 00:00:01,2001-10-01 00:00:00,2001,09,12.9,Y
2001-10-01 00:00:01,2001-11-01 00:00:00,2001,10,11.8,Y
2001-11-01 00:00:01,2001-12-01 00:00:00,2001,11,4.4,Y
2001-12-01 00:00:01,2002-01-01 00:00:00,2001,12,-1.1,Y
2002-01-01 00:00:01,2002-02-01 00:00:00,2002,01,2.3,Y
2002-02-01 00:00:01,2002-03-01 00:00:00,2002,02,3.9,Y
2002-03-01 00:00:01,2002-04-01 00:00:00,2002,03,4.2,Y
2002-04-01 00:00:01,2002-05-01 00:00:00,2002,04,7.8,Y
2002-05-01 00:00:01,2002-06-01 00:00:00,2002,05,13.9,Y
2002-06-01 00:00:01,2002-07-01 00:00:00,2002,06,16.6,Y
2002-07-01 00:00:01,2002-08-01 00:00:00,2002,07,18.5,Y
2002-08-01 00:00:01,2002-09-01 00:00:00,2002,08,20.6,Y
2002-09-01 00:00:01,2002-10-01 00:00:00,2002,09,14.8,Y
2002-10-01 00:00:01,2002-11-01 00:00:00,2002,10,5.6,Y
2002-11-01 00:00:01,2002-12-01 00:00:00,2002,11,2.5,Y
2002-12-01 00:00:01,2003-01-01 00:00:00,2002,12,-1.9,Y
2003-01-01 00:00:01,2003-02-01 00:00:00,2003,01,-1.1,Y
2003-02-01 00:00:01,2003-03-01 00:00:00,2003,02,-1.8,Y
2003-03-01 00:00:01,2003-04-01 00:00:00,2003,03,2.8,Y
2003-04-01 00:00:01,2003-05-01 00:00:00,2003,04,7.1,Y
2003-05-01 00:00:01,2003-06-01 00:00:00,2003,05,11.9,Y
2003-06-01 00:00:01,2003-07-01 00:00:00,2003,06,16.7,Y
2003-07-01 00:00:01,2003-08-01 00:00:00,2003,07,19.4,Y
2003-08-01 00:00:01,2003-09-01 00:00:00,2003,08,18.1,Y
2003-09-01 00:00:01,2003-10-01 00:00:00,2003,09,14.6,Y
2003-10-01 00:00:01,2003-11-01 00:00:00,2003,10,6.0,Y
2003-11-01 00:00:01,2003-12-01 00:00:00,2003,11,5.9,Y
2003-12-01 00:00:01,2004-01-01 00:00:00,2003,12,3.6,Y
2004-01-01 00:00:01,2004-02-01 00:00:00,2004,01,-2.0,Y
2004-02-01 00:00:01,2004-03-01 00:00:00,2004,02,1.0,Y
2004-03-01 00:00:01,2004-04-01 00:00:00,2004,03,3.0,Y
2004-04-01 00:00:01,2004-05-01 00:00:00,2004,04,8.6,Y
2004-05-01 00:00:01,2004-06-01 00:00:00,2004,05,12.8,Y
2004-06-01 00:00:01,2004-07-01 00:00:00,2004,06,14.4,Y
2004-07-01 00:00:01,2004-08-01 00:00:00,2004,07,16.1,Y
2004-08-01 00:00:01,2004-09-01 00:00:00,2004,08,18.8,Y
2004-09-01 00:00:01,2004-10-01 00:00:00,2004,09,14.0,Y
2004-10-01 00:00:01,2004-11-01 00:00:00,2004,10,8.9,Y
2004-11-01 00:00:01,2004-12-01 00:00:00,2004,11,4.0,Y
2004-12-01 00:00:01,2005-01-01 00:00:00,2004,12,4.2,Y
2005-01-01 00:00:01,2005-02-01 00:00:00,2005,01,2.9,Y
2005-02-01 00:00:01,2005-03-01 00:00:00,2005,02,-0.3,Y
2005-03-01 00:00:01,2005-04-01 00:00:00,2005,03,0.7,Y
2005-04-01 00:00:01,2005-05-01 00:00:00,2005,04,8.0,Y
2005-05-01 00:00:01,2005-06-01 00:00:00,2005,05,11.4,Y
2005-06-01 00:00:01,2005-07-01 00:00:00,2005,06,14.9,Y
2005-07-01 00:00:01,2005-08-01 00:00:00,2005,07,19.2,Y
2005-08-01 00:00:01,2005-09-01 00:00:00,2005,08,17.0,Y
2005-09-01 00:00:01,2005-10-01 00:00:00,2005,09,14.8,Y
2005-10-01 00:00:01,2005-11-01 00:00:00,2005,10,10.3,Y
2005-11-01 00:00:01,2005-12-01 00:00:00,2005,11,6.0,Y
2005-12-01 00:00:01,2006-01-01 00:00:00,2005,12,1.7,Y
2006-01-01 00:00:01,2006-02-01 00:00:00,2006,01,-1.9,Y
2006-02-01 00:00:01,2006-03-01 00:00:00,2006,02,-0.7,Y
2006-03-01 00:00:01,2006-04-01 00:00:00,2006,03,-1.7,Y
2006-04-01 00:00:01,2006-05-01 00:00:00,2006,04,6.1,Y
2006-05-01 00:00:01,2006-06-01 00:00:00,2006,05,12.6,Y
2006-06-01 00:00:01,2006-07-01 00:00:00,2006,06,16.6,Y
2006-07-01 00:00:01,2006-08-01 00:00:00,2006,07,21.0,Y
2006-08-01 00:00:01,2006-09-01 00:00:00,2006,08,18.2,Y
2006-09-01 00:00:01,2006-10-01 00:00:00,2006,09,17.1,Y
2006-10-01 00:00:01,2006-11-01 00:00:00,2006,10,12.1,Y
2006-11-01 00:00:01,2006-12-01 00:00:00,2006,11,7.7,Y
2006-12-01 00:00:01,2007-01-01 00:00:00,2006,12,6.9,Y
2007-01-01 00:00:01,2007-02-01 00:00:00,2007,01,3.9,Y
2007-02-01 00:00:01,2007-03-01 00:00:00,2007,02,0.7,Y
2007-03-01 00:00:01,2007-04-01 00:00:00,2007,03,6.2,Y
2007-04-01 00:00:01,2007-05-01 00:00:00,2007,04,9.2,Y
2007-05-01 00:00:01,2007-06-01 00:00:00,2007,05,12.0,Y
2007-06-01 00:00:01,2007-07-01 00:00:00,2007,06,17.5,Y
2007-07-01 00:00:01,2007-08-01 00:00:00,2007,07,16.3,Y
2007-08-01 00:00:01,2007-09-01 00:00:00,2007,08,17.6,Y
2007-09-01 00:00:01,2007-10-01 00:00:00,2007,09,13.4,Y
2007-10-01 00:00:01,2007-11-01 00:00:00,2007,10,8.5,Y
2007-11-01 00:00:01,2007-12-01 00:00:00,2007,11,4.2,Y
2007-12-01 00:00:01,2008-01-01 00:00:00,2007,12,3.9,Y
2008-01-01 00:00:01,2008-02-01 00:00:00,2008,01,3.7,Y
2008-02-01 00:00:01,2008-03-01 00:00:00,2008,02,4.6,Y
2008-03-01 00:00:01,2008-04-01 00:00:00,2008,03,3.0,Y
2008-04-01 00:00:01,2008-05-01 00:00:00,2008,04,8.5,Y
2008-05-01 00:00:01,2008-06-01 00:00:00,2008,05,13.5,Y
2008-06-01 00:00:01,2008-07-01 00:00:00,2008,06,16.2,Y
2008-07-01 00:00:01,2008-08-01 00:00:00,2008,07,19.3,Y
2008-08-01 00:00:01,2008-09-01 00:00:00,2008,08,16.9,Y
2008-09-01 00:00:01,2008-10-01 00:00:00,2008,09,13.2,Y
2008-10-01 00:00:01,2008-11-01 00:00:00,2008,10,10.3,Y
2008-11-01 00:00:01,2008-12-01 00:00:00,2008,11,4.8,Y
2008-12-01 00:00:01,2009-01-01 00:00:00,2008,12,2.3,Y
2009-01-01 00:00:01,2009-02-01 00:00:00,2009,01,0.7,Y
2009-02-01 00:00:01,2009-03-01 00:00:00,2009,02,-0.6,Y
2009-03-01 00:00:01,2009-04-01 00:00:00,2009,03,3.4,Y
2009-04-01 00:00:01,2009-05-01 00:00:00,2009,04,10.4,Y
2009-05-01 00:00:01,2009-06-01 00:00:00,2009,05,12.4,Y
2009-06-01 00:00:01,2009-07-01 00:00:00,2009,06,15.6,Y
2009-07-01 00:00:01,2009-08-01 00:00:00,2009,07,18.3,Y
2009-08-01 00:00:01,2009-09-01 00:00:00,2009,08,17.9,Y
2009-09-01 00:00:01,2009-10-01 00:00:00,2009,09,14.5,Y
2009-10-01 00:00:01,2009-11-01 00:00:00,2009,10,6.9,Y
2009-11-01 00:00:01,2009-12-01 00:00:00,2009,11,6.8,Y
2009-12-01 00:00:01,2010-01-01 00:00:00,2009,12,-0.5,Y
2010-01-01 00:00:01,2010-02-01 00:00:00,2010,01,-5.5,Y
2010-02-01 00:00:01,2010-03-01 00:00:00,2010,02,-3.5,Y
2010-03-01 00:00:01,2010-04-01 00:00:00,2010,03,1.9,Y
2010-04-01 00:00:01,2010-05-01 00:00:00,2010,04,7.2,Y
2010-05-01 00:00:01,2010-06-01 00:00:00,2010,05,11.3,Y
2010-06-01 00:00:01,2010-07-01 00:00:00,2010,06,15.3,Y
2010-07-01 00:00:01,2010-08-01 00:00:00,2010,07,19.5,Y
2010-08-01 00:00:01,2010-09-01 00:00:00,2010,08,17.2,Y
2010-09-01 00:00:01,2010-10-01 00:00:00,2010,09,12.9,Y
2010-10-01 00:00:01,2010-11-01 00:00:00,2010,10,7.9,Y
2010-11-01 00:00:01,2010-12-01 00:00:00,2010,11,1.8,Y
2010-12-01 00:00:01,2011-01-01 00:00:00,2010,12,-6.2,Y
2011-01-01 00:00:01,2011-02-01 00:00:00,2011,01,-0.8,Y
2011-02-01 00:00:01,2011-03-01 00:00:00,2011,02,-1.3,Y
2011-03-01 00:00:01,2011-04-01 00:00:00,2011,03,2.8,Y
2011-04-01 00:00:01,2011-05-01 00:00:00,2011,04,10.4,Y
2011-05-01 00:00:01,2011-06-01 00:00:00,2011,05,12.1,Y
2011-06-01 00:00:01,2011-07-01 00:00:00,2011,06,16.6,Y
2011-07-01 00:00:01,2011-08-01 00:00:00,2011,07,18.8,Y
2011-08-01 00:00:01,2011-09-01 00:00:00,2011,08,17.2,Y
2011-09-01 00:00:01,2011-10-01 00:00:00,2011,09,14.7,Y
2011-10-01 00:00:01,2011-11-01 00:00:00,2011,10,9.9,Y
2011-11-01 00:00:01,2011-12-01 00:00:00,2011,11,7.2,Y
2011-12-01 00:00:01,2012-01-01 00:00:00,2011,12,4.3,Y
2012-01-01 00:00:01,2012-02-01 00:00:00,2012,01,1.2,Y
2012-02-01 00:00:01,2012-03-01 00:00:00,2012,02,-1.0,Y
2012-03-01 00:00:01,2012-04-01 00:00:00,2012,03,5.6,Y
2012-04-01 00:00:01,2012-05-01 00:00:00,2012,04,6.3,Y
2012-05-01 00:00:01,2012-06-01 00:00:00,2012,05,13.4,Y
2012-06-01 00:00:01,2012-07-01 00:00:00,2012,06,13.9,Y
2012-07-01 00:00:01,2012-08-01 00:00:00,2012,07,17.4,Y
2012-08-01 00:00:01,2012-09-01 00:00:00,2012,08,17.2,Y
2012-09-01 00:00:01,2012-10-01 00:00:00,2012,09,13.4,Y
2012-10-01 00:00:01,2012-11-01 00:00:00,2012,10,8.3,Y
2012-11-01 00:00:01,2012-12-01 00:00:00,2012,11,6.2,Y
2012-12-01 00:00:01,2013-01-01 00:00:00,2012,12,-2.2,Y
2013-01-01 00:00:01,2013-02-01 00:00:00,2013,01,-1.2,Y
2013-02-01 00:00:01,2013-03-01 00:00:00,2013,02,-1.2,Y
2013-03-01 00:00:01,2013-04-01 00:00:00,2013,03,-0.7,Y
2013-04-01 00:00:01,2013-05-01 00:00:00,2013,04,5.8,Y
2013-05-01 00:00:01,2013-06-01 00:00:00,2013,05,14.0,Y
2013-06-01 00:00:01,2013-07-01 00:00:00,2013,06,15.8,Y
2013-07-01 00:00:01,2013-08-01 00:00:00,2013,07,18.5,Y
2013-08-01 00:00:01,2013-09-01 00:00:00,2013,08,17.8,Y
2013-09-01 00:00:01,2013-10-01 00:00:00,2013,09,13.3,Y
2013-10-01 00:00:01,2013-11-01 00:00:00,2013,10,10.4,Y
2013-11-01 00:00:01,2013-12-01 00:00:00,2013,11,5.9,Y
2014-01-01 00:00:01,2014-02-01 00:00:00,2014,01,0.2,Y
2014-02-01 00:00:01,2014-03-01 00:00:00,2014,02,4.0,Y
2014-03-01 00:00:01,2014-04-01 00:00:00,2014,03,6.1,Y
2014-04-01 00:00:01,2014-05-01 00:00:00,2014,04,9.3,Y
2014-05-01 00:00:01,2014-06-01 00:00:00,2014,05,12.8,Y
2014-06-01 00:00:01,2014-07-01 00:00:00,2014,06,16.1,Y
2014-07-01 00:00:01,2014-08-01 00:00:00,2014,07,21.2,Y
2014-08-01 00:00:01,2014-09-01 00:00:00,2014,08,17.2,Y
2014-09-01 00:00:01,2014-10-01 00:00:00,2014,09,14.8,Y
2014-10-01 00:00:01,2014-11-01 00:00:00,2014,10,11.6,Y
2014-11-01 00:00:01,2014-12-01 00:00:00,2014,11,7.0,Y
2014-12-01 00:00:01,2015-01-01 00:00:00,2014,12,3.2,Y
2015-01-01 00:00:01,2015-02-01 00:00:00,2015,01,3.0,Y
2015-02-01 00:00:01,2015-03-01 00:00:00,2015,02,2.2,Y
2015-03-01 00:00:01,2015-04-01 00:00:00,2015,03,5.0,Y
2015-04-01 00:00:01,2015-05-01 00:00:00,2015,04,7.9,Y
2015-05-01 00:00:01,2015-06-01 00:00:00,2015,05,10.3,Y
2015-06-01 00:00:01,2015-07-01 00:00:00,2015,06,14.2,Y
2015-07-01 00:00:01,2015-08-01 00:00:00,2015,07,17.1,Y
2015-08-01 00:00:01,2015-09-01 00:00:00,2015,08,18.6,Y
2015-09-01 00:00:01,2015-10-01 00:00:00,2015,09,14.0,Y
2015-10-01 00:00:01,2015-11-01 00:00:00,2015,10,9.5,Y
2015-11-01 00:00:01,2015-12-01 00:00:00,2015,11,7.4,Y
2015-12-01 00:00:01,2016-01-01 00:00:00,2015,12,6.0,Y
2016-01-01 00:00:01,2016-02-01 00:00:00,2016,01,-1.6,Y
2016-02-01 00:00:01,2016-03-01 00:00:00,2016,02,1.8,Y
2016-03-01 00:00:01,2016-04-01 00:00:00,2016,03,4.4,Y
2016-04-01 00:00:01,2016-05-01 00:00:00,2016,04,7.5,Y
2016-05-01 00:00:01,2016-06-01 00:00:00,2016,05,14.2,Y
2016-06-01 00:00:01,2016-07-01 00:00:00,2016,06,17.5,Y
2016-07-01 00:00:01,2016-08-01 00:00:00,2016,07,18.0,Y
2016-08-01 00:00:01,2016-09-01 00:00:00,2016,08,16.7,Y
2016-09-01 00:00:01,2016-10-01 00:00:00,2016,09,16.9,Y
2016-10-01 00:00:01,2016-11-01 00:00:00,2016,10,8.3,Y
2016-11-01 00:00:01,2016-12-01 00:00:00,2016,11,3.8,Y
2016-12-01 00:00:01,2017-01-01 00:00:00,2016,12,4.4,Y
2017-01-01 00:00:01,2017-02-01 00:00:00,2017,01,1.4,Y
2017-02-01 00:00:01,2017-03-01 00:00:00,2017,02,1.5,Y
2017-03-01 00:00:01,2017-04-01 00:00:00,2017,03,4.4,Y
2017-04-01 00:00:01,2017-05-01 00:00:00,2017,04,6.6,Y
2017-05-01 00:00:01,2017-06-01 00:00:00,2017,05,13.1,Y
2017-06-01 00:00:01,2017-07-01 00:00:00,2017,06,16.1,Y
2017-07-01 00:00:01,2017-08-01 00:00:00,2017,07,17.4,Y
2017-08-01 00:00:01,2017-09-01 00:00:00,2017,08,16.9,Y
2017-09-01 00:00:01,2017-10-01 00:00:00,2017,09,14.0,Y
2017-10-01 00:00:01,2017-11-01 00:00:00,2017,10,10.1,Y
2017-11-01 00:00:01,2017-12-01 00:00:00,2017,11,5.1,Y
2017-12-01 00:00:01,2018-01-01 00:00:00,2017,12,3.6,Y
2018-01-01 00:00:01,2018-02-01 00:00:00,2018,01,2.1,Y
2018-02-01 00:00:01,2018-03-01 00:00:00,2018,02,-1.5,Y
2018-03-01 00:00:01,2018-04-01 00:00:00,2018,03,-0.3,Y
2018-04-01 00:00:01,2018-05-01 00:00:00,2018,04,8.6,Y
2018-05-01 00:00:01,2018-06-01 00:00:00,2018,05,17.6,Y
2018-06-01 00:00:01,2018-07-01 00:00:00,2018,06,18.2,Y
2018-07-01 00:00:01,2018-08-01 00:00:00,2018,07,21.4,Y
2018-08-01 00:00:01,2018-09-01 00:00:00,2018,08,18.2,Y
2018-09-01 00:00:01,2018-10-01 00:00:00,2018,09,14.8,Y
2018-10-01 00:00:01,2018-11-01 00:00:00,2018,10,10.3,Y
2018-11-01 00:00:01,2018-12-01 00:00:00,2018,11,5.7,Y
2018-12-01 00:00:01,2019-01-01 00:00:00,2018,12,3.0,Y
2019-01-01 00:00:01,2019-02-01 00:00:00,2019,01,0.4,Y
2019-02-01 00:00:01,2019-03-01 00:00:00,2019,02,3.8,Y
2019-03-01 00:00:01,2019-04-01 00:00:00,2019,03,5.0,Y
2019-04-01 00:00:01,2019-05-01 00:00:00,2019,04,9.7,Y
2019-05-01 00:00:01,2019-06-01 00:00:00,2019,05,10.9,Y
2019-06-01 00:00:01,2019-07-01 00:00:00,2019,06,17.8,Y
2019-07-01 00:00:01,2019-08-01 00:00:00,2019,07,18.6,Y
2019-08-01 00:00:01,2019-09-01 00:00:00,2019,08,18.3,Y
2019-09-01 00:00:01,2019-10-01 00:00:00,2019,09,14.3,Y
2019-10-01 00:00:01,2019-11-01 00:00:00,2019,10,9.0,Y
2019-11-01 00:00:01,2019-12-01 00:00:00,2019,11,5.2,Y
2019-12-01 00:00:01,2020-01-01 00:00:00,2019,12,4.6,Y
2020-01-01 00:00:01,2020-02-01 00:00:00,2020,01,5.7,Y
2020-02-01 00:00:01,2020-03-01 00:00:00,2020,02,4.4,Y
2020-03-01 00:00:01,2020-04-01 00:00:00,2020,03,4.6,Y
2020-04-01 00:00:01,2020-05-01 00:00:00,2020,04,8.3,Y
2020-05-01 00:00:01,2020-06-01 00:00:00,2020,05,10.9,Y
2020-06-01 00:00:01,2020-07-01 00:00:00,2020,06,18.9,Y
2020-07-01 00:00:01,2020-08-01 00:00:00,2020,07,16.5,Y
2020-08-01 00:00:01,2020-09-01 00:00:00,2020,08,19.5,Y
2020-09-01 00:00:01,2020-10-01 00:00:00,2020,09,15.2,Y
2020-10-01 00:00:01,2020-11-01 00:00:00,2020,10,10.6,Y
2020-11-01 00:00:01,2020-12-01 00:00:00,2020,11,8.2,Y
2020-12-01 00:00:01,2021-01-01 00:00:00,2020,12,4.6,Y
2021-01-01 00:00:01,2021-02-01 00:00:00,2021,01,-0.1,Y
2021-02-01 00:00:01,2021-03-01 00:00:00,2021,02,-1.2,Y
2021-03-01 00:00:01,2021-04-01 00:00:00,2021,03,4.1,Y
2021-04-01 00:00:01,2021-05-01 00:00:00,2021,04,6.8,Y
2021-05-01 00:00:01,2021-06-01 00:00:00,2021,05,11.3,Y
2021-06-01 00:00:01,2021-07-01 00:00:00,2021,06,17.8,Y
2021-07-01 00:00:01,2021-08-01 00:00:00,2021,07,20.8,Y
